"Fatal","Day","Lat","Lon","NonUSA","Nonairplane","Phase","Event","Personal","Multiple"
0,1,47.7767,-117.095,0,0,"MNV","SCF-PP",0,0
0,1,36.7789,-76.4456,0,0,"TOF","LOC-I",0,0
0,2,34.8842,-118.2117,0,0,"ENR","SCF-PP",0,0
0,2,41.6744,-93.0217,0,0,"LDG","Other",0,0
0,2,44.9017,-123.0036,0,0,"APR","SCF-PP",0,0
0,2,36.6656,-76.3206,0,0,"LDG","ARC",0,0
1,3,42.1678,-96.8461,0,0,"ENR","Other",0,0
0,3,27.54,-97.12,0,0,"TOF","FUEL",0,0
1,4,43.2044,-111.0719,0,0,"MNV","Other",0,0
0,4,27.9086,-82.6864,0,0,"LDG","ARC",0,0
0,4,35.9908,-115.1331,0,0,"APR","SCF-PP",0,0
0,4,47.18,-113.4453,0,0,"LDG","ARC",0,0
0,5,33.1583,-95.6211,0,0,"LDG","LOC-G",1,0
0,6,32.1275,-81.2022,0,0,"TOF","SCF-PP",1,0
1,7,36.1961,-86.3083,0,0,"ICL","SCF-PP",0,0
0,8,46.9206,-96.8158,0,0,"LDG","ARC",1,0
0,9,28.6278,-81.8028,0,0,"ICL","SCF-PP",0,0
1,10,36.7322,-119.8203,0,0,"ICL","SCF-PP",0,0
0,11,30.6225,-91.1411,0,0,"MNV","Other",1,0
1,12,32.6839,-94.9511,0,0,"APR","FUEL",0,0
0,12,31.3217,-85.4514,0,0,"LDG","ARC",1,0
0,13,44.8339,-119.0731,0,1,"MNV","FUEL",1,0
0,13,41.0778,-102.4647,0,0,"TOF","Other",1,0
1,14,37.5653,-76.4492,0,0,"ENR","SCF-NP",0,0
1,14,31.9642,-101.6586,0,0,"ENR","Other",0,0
1,14,40.0522,-108.2786,0,0,"ENR","LOC-I",0,0
0,14,41.2003,-74.6231,0,0,"LDG","ARC",0,0
0,16,35.8236,-84.5389,0,0,"APR","FUEL",0,0
0,16,28.2306,-82.1611,0,1,"STD","LOC-G",0,0
0,17,33.425,-83.4639,0,0,"ENR","FUEL",0,0
0,17,34.0789,-97.1092,0,0,"ENR","SCF-PP",0,0
1,18,40.3139,-112.0808,0,0,"ENR","Other",0,0
0,18,32.7189,-98.8917,0,0,"LDG","LOC-G",0,0
0,18,32.5647,-82.985,0,0,"LDG","ARC",1,0
0,18,27.0717,-82.4403,0,0,"LDG","ARC",0,0
0,19,32.8156,-96.355,0,0,"APR","LOC-I",1,0
0,19,38.3353,-95.115,0,0,"ENR","Other",1,0
0,19,37.6469,-75.7622,0,0,"LDG","LOC-I",0,0
0,19,37.7578,-97.2194,0,0,"APR","LOC-I",1,0
0,22,36.2672,-115.3411,0,1,"ICL","LOC-I",1,0
0,22,33.2228,-97.3469,0,0,"MNV","FUEL",0,0
0,23,34.6556,-112.4186,0,0,"LDG","ARC",0,0
0,24,33.4167,-112.0211,0,1,"ICL","SCF-PP",0,0
0,24,47.3292,-122.2267,0,0,"LDG","LOC-G",1,0
0,24,34.2639,-116.8561,0,0,"LDG","LOC-G",0,0
0,25,38.2028,-121.2633,0,0,"LDG","Other",0,0
1,26,39.6908,-83.9919,0,0,"APR","LOC-I",1,0
0,26,33.9783,-83.9617,0,0,"TOF","Other",1,0
0,27,40.6714,-73.3792,0,1,"ENR","SCF-PP",1,0
0,27,35.4336,-119.0544,0,0,"LDG","ARC",1,0
1,28,38.4789,-122.7864,0,0,"APR","LOC-I",0,0
0,29,33.9422,-96.395,0,0,"LDG","ARC",0,0
0,29,39.7297,-92.4567,0,0,"LDG","ARC",0,0
1,30,31.5397,-84.1908,0,0,"ICL","LOC-I",0,0
0,30,30.0714,-94.2142,0,1,"MNV","LOC-I",0,0
0,30,38.0517,-103.1203,0,0,"LDG","ARC",0,0
0,30,38.0481,-103.5128,0,0,"TOF","LOC-I",0,0
0,31,28.3417,-80.6861,0,0,"LDG","ARC",0,0
0,31,43.5919,-118.9556,0,0,"ENR","SCF-PP",0,0
0,31,25.8492,-81.39,0,0,"TXI","Other",0,0
0,31,29.7392,-98.4511,0,0,"LDG","LOC-G",0,0
1,32,29.5069,-95.4775,0,0,"TOF","LOC-I",1,0
1,32,30.6786,-88.2636,0,0,"APR","LOC-I",1,0
0,32,42.7036,-87.9539,0,0,"LDG","Other",0,0
1,32,38.5247,-89.0903,0,1,"ICL","SCF-PP",0,0
0,32,43.0672,-83.2722,0,0,"LDG","Other",0,0
0,33,25.9008,-80.1211,0,0,"ENR","SCF-PP",0,0
0,33,41.6039,-113.0936,0,0,"LDG","LOC-G",0,0
0,34,32.8219,-116.97,0,0,"STD","Other",1,1
0,34,32.8219,-116.97,0,0,"STD","Other",1,1
0,34,32.6794,-96.8661,0,0,"LDG","ARC",0,0
0,35,41.5239,-71.285,0,0,"APR","Other",0,0
1,36,33.7853,-118.4236,0,0,"MNV","Other",0,1
1,36,33.7853,-118.4236,0,0,"MNV","Other",0,1
1,36,33,-112.1219,0,0,"MNV","LOC-I",0,0
0,36,42.19,-122.6606,0,1,"ENR","SCF-NP",1,0
0,37,40.6172,-74.2447,0,1,"TOF","LOC-G",1,0
0,38,45.6297,-116.4753,0,0,"LDG","ARC",0,0
0,39,42.4153,-124.425,0,0,"LDG","Other",0,0
0,39,34.4211,-119.8425,0,0,"ENR","SCF-PP",0,0
0,39,45.8047,-108.5389,0,0,"LDG","ARC",0,0
0,40,41.2417,-76.9219,0,0,"ENR","Other",0,0
1,41,36.0947,-118.8733,0,0,"MNV","LOC-I",1,0
0,42,32.7464,-97.6825,0,0,"LDG","Other",0,0
1,43,30.4,-86.4714,0,0,"MNV","Other",0,0
0,43,40.8292,-72.8631,0,0,"LDG","Other",0,0
0,43,35.3344,-94.3739,0,0,"TOF","LOC-I",0,0
0,43,34.3475,-119.0608,0,0,"TXI","Other",1,1
0,43,34.3475,-119.0608,0,0,"TXI","Other",0,1
0,43,44.4242,-103.385,0,0,"APR","Other",0,0
0,43,45.1125,-87.625,0,1,"APR","SCF-PP",1,0
0,44,44.8664,-123.1983,0,0,"LDG","SCF-NP",0,0
0,44,39.1953,-119.7403,0,1,"LDG","LOC-I",0,0
0,44,38.2908,-122.6242,0,1,"LDG","Other",1,0
0,44,33.9747,-117.6364,0,0,"TXI","Other",0,1
0,44,33.9747,-117.6364,0,0,"STD","Other",0,1
0,44,61.2136,-149.8447,0,0,"TOF","Other",0,0
0,45,61.2067,-157.1672,0,0,"LDG","Other",0,0
0,45,30.0392,-93.0864,0,0,"TOF","LOC-G",0,0
1,47,33.4206,-112.6861,0,1,"TOF","LOC-I",0,0
0,47,30.7739,-96.4544,0,0,"ENR","SCF-PP",0,0
0,48,37.1319,-76.4931,0,0,"LDG","LOC-G",1,0
1,49,35.0086,-80.3686,0,0,"ENR","FUEL",1,0
1,49,21.3667,-157.9403,0,1,"ENR","SCF-NP",1,0
0,49,25.0017,-80.5369,0,0,"APR","Other",0,0
1,51,40.9611,-73.0844,0,0,"ENR","FUEL",1,0
0,51,28.4436,-81.2825,0,0,"TOF","Other",0,0
0,52,29.9592,-81.3397,0,0,"STD","Other",1,0
0,52,41.6858,-81.3906,0,0,"TOF","Other",1,0
0,53,34.2547,-118.4086,0,0,"ICL","SCF-PP",0,0
0,53,16.2578,-61.2625,1,0,"ICL","SCF-NP",1,0
0,54,29.6206,-81.6558,0,0,"ENR","SCF-PP",0,0
0,54,33.8025,-118.3386,0,1,"MNV","Other",1,0
0,54,39.1225,-108.5267,0,0,"LDG","SCF-NP",1,0
0,55,46.7439,-117.1094,0,0,"LDG","ARC",0,0
0,55,26.0072,-80.2372,0,0,"APR","SCF-PP",0,0
0,55,47.1961,-122.0203,0,0,"TXI","LOC-G",0,0
0,56,37.6933,-121.8203,0,0,"LDG","LOC-G",0,0
0,58,41.9103,-70.7289,0,0,"ICL","LOC-I",0,0
0,58,39.8414,-77.2747,0,0,"ICL","SCF-PP",0,0
0,58,38.8431,-85.815,0,0,"ENR","SCF-PP",0,0
0,58,39.3064,-87.9989,0,0,"LDG","Other",0,0
1,59,30.3564,-96.1067,0,0,"APR","LOC-I",0,0
0,59,29.6981,-82.2803,0,0,"LDG","Other",0,0
0,59,33.8756,-84.3019,0,0,"TOF","SCF-PP",0,0
0,60,35.0361,-107.3672,0,0,"ENR","FUEL",0,0
0,61,61.5717,-149.54,0,0,"LDG","LOC-G",1,0
1,61,32.4553,-99.6494,0,0,"TOF","LOC-I",0,0
0,61,31.1517,-81.3911,0,0,"LDG","ARC",0,0
0,61,41.3836,-72.5058,0,0,"LDG","Other",0,0
0,62,33.6,-111.6031,0,0,"MNV","SCF-PP",0,0
1,62,39.1175,-104.91,0,0,"ENR","LOC-I",0,0
0,62,33.8244,-116.5067,0,0,"TOF","SCF-PP",0,0
0,62,34.5675,-118.3083,0,1,"ENR","Other",0,0
0,62,30.9836,-91.8125,0,0,"ENR","SCF-PP",1,0
0,62,35.6525,-92.4003,0,0,"LDG","LOC-G",0,0
0,64,31.0558,-96.2506,0,0,"MNV","SCF-PP",0,0
0,65,33.2717,-111.5736,0,0,"ICL","LOC-I",0,0
0,65,40.8167,-73.2464,0,0,"ENR","SCF-PP",0,0
0,65,27.7239,-82.665,0,0,"ENR","SCF-PP",0,0
0,65,32.6156,-95.8681,0,0,"LDG","LOC-G",0,0
0,66,35.4833,-81.1611,0,0,"LDG","LOC-G",0,0
0,66,33.62,-111.9139,0,0,"LDG","ARC",0,0
0,69,40.2394,-75.5567,0,0,"ICL","SCF-PP",0,0
0,69,38.4192,-82.4944,0,0,"LDG","ARC",0,0
0,70,34.5714,-112.4192,0,0,"ICL","SCF-PP",0,0
1,71,36.0328,-106.0472,0,0,"APR","LOC-I",0,0
0,71,39.9828,-104.7022,0,0,"TOF","LOC-I",0,0
0,71,46.5794,-116.8111,0,0,"MNV","SCF-PP",1,0
1,72,28.5572,-81.7189,0,0,"ENR","SCF-PP",0,0
0,72,29.5211,-95.2422,0,0,"LDG","LOC-G",0,0
0,72,44.0017,-89.2003,0,0,"MNV","SCF-PP",0,0
0,72,41.555,-112.0622,0,0,"TOF","Other",0,0
0,72,34.8972,-81.08,0,1,"LDG","ARC",0,0
0,73,37.8914,-111.4633,0,0,"TOF","Other",0,0
1,73,43.1903,-111.0644,0,0,"ICL","LOC-I",0,0
0,73,44.4664,-73.1517,0,0,"TOF","LOC-G",0,0
0,73,33.2697,-111.8111,0,0,"LDG","LOC-G",0,0
0,74,27.3486,-82.1781,0,0,"ICL","SCF-PP",1,0
0,74,34.3531,-85.1511,0,0,"LDG","Other",1,0
0,75,31.9336,-102.2042,0,0,"TXI","Other",1,1
0,75,31.9336,-102.2042,0,0,"TXI","Other",1,1
0,76,35.3528,-78.6928,0,0,"TOF","LOC-I",0,0
0,77,33.9519,-117.445,0,1,"LDG","ARC",1,0
1,78,27.9197,-82.4478,0,0,"ICL","Other",0,0
0,78,32.505,-94.6983,0,0,"ICL","Other",0,0
0,78,41.6936,-88.1294,0,0,"TOF","LOC-G",0,0
0,78,37.7267,-97.2286,0,0,"APR","SCF-PP",0,0
0,78,34.6372,-86.775,0,0,"LDG","ARC",0,0
0,79,33.6831,-78.9292,0,0,"ICL","SCF-NP",0,0
1,80,42.1731,-102.2092,0,0,"MNV","LOC-I",0,0
0,80,30.395,-97.5631,0,0,"LDG","LOC-G",0,0
0,80,36.1833,-86.8867,0,0,"APR","ARC",0,0
1,81,33.9236,-118.3314,0,1,"TOF","Other",1,0
0,81,40.3553,-76.2614,0,1,"Other","Other",0,0
0,82,42.7619,-92.8047,0,0,"LDG","ARC",0,0
0,83,39.4181,-77.3711,0,0,"LDG","ARC",1,0
0,83,41.4536,-87.0069,0,0,"LDG","ARC",0,0
0,83,33.9317,-78.0731,0,1,"MNV","LOC-I",1,0
1,83,46.2189,-123.7967,0,0,"MNV","LOC-I",0,0
0,83,31.4806,-92.7317,0,0,"APR","SCF-PP",0,0
1,84,34.7228,-79.8828,0,0,"MNV","Other",0,0
0,84,33.3336,-83.7281,0,0,"LDG","LOC-G",0,0
0,85,36.7056,-93.4489,0,1,"MNV","LOC-I",0,0
0,85,26.6928,-80.8097,0,0,"MNV","LOC-I",1,0
1,86,38.3758,-81.5931,0,0,"TOF","LOC-I",1,0
0,86,29.3728,-100.9272,0,0,"TOF","Other",0,0
0,86,25.5058,-80.5531,0,0,"STD","Other",0,0
0,86,40.7589,-87.4378,0,0,"APR","SCF-PP",1,0
0,86,32.2239,-98.1828,0,0,"ENR","FUEL",0,0
0,86,43.2347,-77.1247,0,1,"LDG","ARC",1,0
0,86,33.1322,-97.0142,0,0,"LDG","LOC-G",0,0
0,86,36.2714,-119.59,0,1,"MNV","Other",1,0
0,86,46.9261,-98.6831,0,1,"Other","Other",1,0
0,86,47.1975,-122.7006,0,0,"ENR","FUEL",1,0
0,86,32.9683,-96.8364,0,0,"LDG","LOC-G",1,0
0,86,30.2086,-103.2525,0,0,"APR","Other",0,0
0,87,36.6233,-79.6253,0,0,"ENR","FUEL",0,0
1,87,41.2506,-75.2192,0,1,"ENR","Other",0,0
0,87,40.9636,-96.1969,0,0,"ENR","FUEL",0,0
0,87,40.3544,-79.9292,0,0,"STD","Other",0,0
0,89,36.5939,-78.5608,0,0,"TOF","LOC-I",0,0
1,89,47.425,-61.7781,1,0,"APR","LOC-I",0,0
0,89,32.4933,-80.9919,0,0,"LDG","LOC-G",0,0
0,89,30.5033,-97.2397,0,0,"MNV","LOC-I",1,0
0,90,35.6536,-80.9597,0,0,"MNV","Other",0,0
0,90,47.2856,-68.3128,0,0,"TOF","LOC-G",0,0
0,91,36.6983,-108.7006,0,0,"LDG","LOC-G",0,0
0,92,32.9686,-96.8364,0,0,"LDG","ARC",0,0
1,93,33.3386,-117.1586,0,0,"ENR","SCF-PP",0,0
0,93,30.6753,-88.4306,0,0,"ENR","SCF-PP",0,0
0,93,35.6003,-97.7061,0,0,"LDG","LOC-G",0,0
0,93,35.8514,-97.4161,0,0,"ICL","LOC-I",0,0
0,93,20.1833,-103.7,1,1,"Other","Other",1,0
0,93,39.6889,-75.2561,0,0,"ENR","SCF-PP",0,0
0,94,30.2314,-92.5842,0,0,"LDG","ARC",0,0
0,94,33.4533,-80.8597,0,0,"TOF","LOC-G",0,0
0,94,30.0619,-95.5528,0,0,"LDG","LOC-G",0,0
1,95,35.8253,-83.5683,0,1,"MNV","SCF-PP",1,0
0,95,26.9122,-81.9933,0,0,"TXI","Other",0,0
0,96,35.9547,-95.1353,0,0,"ENR","FUEL",0,0
0,97,36.1464,-112.7586,0,1,"LDG","Other",1,0
0,97,32.2406,-80.7197,0,0,"APR","SCF-PP",0,0
0,97,61.2567,-148.5825,0,0,"TOF","Other",0,0
0,97,34.2569,-111.3392,0,0,"LDG","ARC",1,0
0,98,54.0556,22.9033,1,1,"TOF","Other",1,0
0,98,29.4381,-90.2625,0,1,"ENR","SCF-NP",1,0
0,99,31.5522,-81.8703,0,0,"Other","FUEL",0,0
1,99,32.4528,-96.9133,0,0,"TOF","LOC-I",1,0
0,99,32.7714,-97.7394,0,1,"TOF","SCF-NP",0,0
0,99,44.8575,-93.0331,0,0,"LDG","ARC",0,0
1,100,29.1739,-82.2242,0,0,"Other","LOC-I",0,0
1,100,30.6864,-97.2922,0,0,"MNV","LOC-I",1,0
0,100,35.6344,-76.7539,0,0,"TOF","LOC-G",1,0
0,100,29.7686,-97.7756,0,0,"LDG","LOC-G",1,0
0,100,38.66,-90.6461,0,0,"LDG","LOC-G",0,0
0,101,40.7528,-73.0536,0,0,"ICL","SCF-PP",0,0
0,101,30.5156,-96.7042,0,0,"ENR","SCF-PP",0,0
0,103,33.2692,-111.8111,0,0,"LDG","LOC-G",1,0
0,103,38.9636,-94.3717,0,0,"LDG","LOC-G",1,0
0,104,29.1042,-81.3147,0,1,"ICL","SCF-PP",0,0
0,104,36.4606,-116.8797,0,0,"LDG","Other",0,0
0,105,36.1067,-84.5956,0,0,"ENR","SCF-PP",1,0
0,105,40.8214,-82.5167,0,0,"LDG","SCF-NP",0,0
0,105,44.5222,-85.1031,0,0,"ENR","Other",1,0
0,106,25.9167,-79.7,1,0,"ENR","SCF-PP",0,0
0,106,36.1686,-97.0869,0,0,"LDG","LOC-G",1,0
0,107,39.1731,-76.6903,0,1,"MNV","LOC-I",1,0
0,107,34.58,-77.945,0,0,"ENR","SCF-PP",0,0
0,108,33.4081,-118.4122,0,0,"APR","Other",0,0
1,108,20.515,-86.9289,1,0,"Other","Other",1,0
1,109,43.1136,-75.4222,0,0,"TOF","LOC-I",0,0
1,109,32.9997,-91.315,0,0,"MNV","LOC-I",1,0
0,109,48.4706,-122.4217,0,0,"LDG","LOC-G",0,0
0,109,45.0842,-93.1586,0,1,"MNV","LOC-I",1,0
0,109,27.435,-80.6772,0,0,"ENR","SCF-PP",1,0
0,109,36.5617,-119.6325,0,0,"ENR","SCF-PP",1,0
0,109,61.5947,-149.0881,0,0,"LDG","LOC-G",0,0
0,109,61.4958,-149.1425,0,0,"LDG","ARC",0,0
1,110,38.975,-76.3222,0,0,"APR","LOC-I",0,0
0,110,41.0644,-75.2519,0,0,"ENR","SCF-PP",0,0
1,110,30.3603,-89.8233,0,0,"APR","LOC-I",1,0
0,111,40,-76,0,1,"Other","SCF-PP",1,0
1,111,61.3886,-149.5617,0,0,"MNV","Other",1,0
0,111,34.2136,-119.0944,0,0,"LDG","ARC",1,0
0,111,39.0683,-75.535,0,0,"LDG","LOC-G",0,0
0,112,26.0717,-97.4764,0,1,"MNV","LOC-I",1,0
1,112,45.9017,-122.7372,0,0,"TOF","Other",0,0
0,112,35.9931,-95.8867,0,0,"LDG","Other",0,0
0,112,40.0306,-86.2514,0,0,"APR","Other",1,0
0,112,36.1867,-96.15,0,0,"ICL","SCF-PP",0,0
0,113,39.7842,-104.5375,0,1,"APR","LOC-I",0,0
0,114,33.0386,-116.9125,0,0,"TOF","LOC-G",0,0
0,114,40.8372,-89.8897,0,0,"ENR","FUEL",0,0
0,114,41.2103,-86.3714,0,1,"TOF","LOC-I",0,0
0,114,62.7153,-151.3208,0,0,"LDG","LOC-G",0,0
0,114,61.5597,-149.705,0,0,"TOF","SCF-PP",0,0
0,114,33.9019,-87.3139,0,0,"LDG","LOC-G",0,0
0,114,30.7311,-86.1539,0,0,"LDG","LOC-G",0,0
1,115,34.5828,-82.3525,0,0,"APR","LOC-I",0,0
0,115,38.1978,-121.0767,0,1,"APR","SCF-PP",0,0
0,115,31.6428,-100.9686,0,0,"TOF","LOC-I",0,0
0,115,32.265,-111.1236,0,1,"MNV","Other",0,0
1,115,40.6108,-80.9744,0,0,"MNV","Other",0,0
0,115,36.4794,-77.9236,0,0,"LDG","ARC",0,0
1,116,36.1994,-81.6467,0,0,"ICL","LOC-I",0,0
0,116,26.2381,-80.0917,0,0,"ICL","LOC-I",1,0
0,116,38.1111,-96.1139,0,0,"LDG","LOC-G",1,0
0,116,40.3533,-94.9167,0,0,"LDG","LOC-G",0,0
0,117,30.4164,-87.7003,0,0,"TOF","Other",0,0
0,117,42.2047,1.2453,1,0,"ENR","SCF-NP",1,0
0,118,33.9422,-96.3944,0,0,"LDG","ARC",1,0
0,119,37.6589,-122.1228,0,0,"LDG","ARC",1,0
0,119,38.6414,-95.8025,0,0,"ICL","FUEL",1,0
0,120,60.1872,-154.3517,0,0,"LDG","LOC-I",0,0
0,120,39.9167,-85.8478,0,1,"APR","Other",1,0
0,120,36.0072,-120.8789,0,1,"MNV","Other",1,0
1,121,39.8067,-115.2028,0,0,"MNV","Other",1,0
0,121,40.915,-72.7919,0,0,"LDG","LOC-G",0,0
0,121,33.4756,-84.5594,0,0,"ENR","SCF-PP",1,0
0,121,37.4419,-122.1431,0,0,"LDG","ARC",0,0
0,121,42.8983,-72.2708,0,0,"LDG","LOC-G",0,0
0,121,42.3233,-88.9267,0,0,"APR","Other",0,0
0,121,42.2672,-71.8756,0,0,"LDG","ARC",0,0
0,121,31.0858,-97.6864,0,0,"LDG","ARC",1,0
0,122,43.5644,-116.2194,0,0,"LDG","LOC-G",0,0
0,122,33.0225,-96.8367,0,0,"LDG","LOC-I",0,0
0,122,26.2331,-97.6486,0,0,"LDG","LOC-G",0,0
0,122,36.7319,-97.0997,0,0,"LDG","SCF-NP",0,0
0,123,33.3042,-111.6564,0,0,"LDG","ARC",0,0
1,124,40.8344,-73.4903,0,0,"ENR","LOC-I",0,0
0,124,45.55,-122.4003,0,1,"MNV","Other",1,0
0,124,48.1608,-122.1592,0,1,"STD","LOC-G",0,0
0,124,58.735,-157.0219,0,0,"LDG","SCF-NP",0,0
1,125,44.2133,-87.9603,0,1,"MNV","SCF-PP",1,0
0,125,37.2031,-107.8692,0,0,"LDG","Other",1,0
0,125,30.2244,-93.0003,0,0,"LDG","LOC-G",1,0
0,126,58.48,-134.2089,0,1,"APR","Other",1,0
1,126,34.8383,-92.2544,0,0,"ICL","SCF-PP",1,0
1,126,45.6972,-92.9522,0,1,"ICL","LOC-I",0,0
0,126,34.2736,-83.8314,0,0,"LDG","ARC",0,0
0,126,61.5039,-142.5625,0,0,"MNV","LOC-I",0,0
0,127,34.1142,-117.2158,0,0,"ENR","FUEL",0,0
1,127,59.4503,-135.2056,0,1,"ENR","Other",1,0
0,127,37.6331,-84.3328,0,0,"TOF","LOC-G",0,0
0,127,39.0778,-84.2108,0,0,"LDG","LOC-I",0,0
0,127,30.8867,-94.0353,0,0,"LDG","ARC",0,0
0,127,39.1461,-86.6167,0,0,"LDG","ARC",0,0
0,127,39.2936,-122.2514,0,1,"TOF","SCF-PP",1,0
1,128,33.6403,-112.3631,0,0,"ENR","FUEL",1,0
0,128,36.5625,-80.1361,0,0,"APR","LOC-I",0,0
0,128,34.1297,-116.4069,0,0,"TOF","LOC-I",0,0
0,128,30.725,-87.2019,0,0,"TOF","LOC-I",0,0
0,129,37.0608,-117.8031,0,0,"ENR","FUEL",0,0
0,129,39.8339,-100.5403,0,0,"LDG","LOC-G",1,0
0,130,34.1675,-101.7186,0,0,"TOF","LOC-I",0,0
0,131,37.8589,-120.1667,0,0,"TOF","Other",0,0
0,131,40.915,-81.4436,0,0,"TOF","LOC-G",0,0
0,131,36.7756,-89.9411,0,0,"LDG","Other",1,0
0,132,35.0217,-110.7319,0,0,"ICL","SCF-PP",0,0
0,132,42.8983,-72.2708,0,0,"LDG","Other",0,0
0,132,30.0908,-92.4169,0,0,"MNV","FUEL",1,0
0,132,41.9183,-72.7764,0,0,"LDG","LOC-I",0,0
0,133,38.2033,-121.2553,0,0,"ENR","SCF-PP",1,0
0,133,38.9597,-94.3714,0,0,"LDG","ARC",0,0
0,133,33.9711,-112.7944,0,0,"TXI","Other",0,0
0,134,35.0589,-118.1506,0,0,"APR","SCF-PP",1,0
0,134,35.1511,-118.0167,0,0,"LDG","LOC-G",0,0
0,134,36.2106,-115.1936,0,0,"LDG","LOC-G",0,0
1,134,36.0756,-91.0611,0,1,"TOF","LOC-G",1,0
0,134,35.6667,-97.615,0,1,"LDG","ARC",1,0
0,134,36.3733,-86.4083,0,0,"ICL","Other",0,0
0,134,33.2094,-96.7436,0,0,"TOF","Other",0,0
0,134,40.5367,-81.9558,0,0,"LDG","LOC-G",0,0
0,134,28.8678,-82.5703,0,0,"TOF","LOC-G",0,0
0,134,34.8333,-92.2522,0,0,"TOF","SCF-PP",0,0
1,135,33.8756,-84.3031,0,0,"MNV","Other",1,0
0,135,39.5747,-77.9714,0,0,"ICL","LOC-I",0,0
1,135,31.8408,-97.0742,0,0,"MNV","Other",1,0
0,135,37.2392,-76.7161,0,0,"LDG","LOC-I",0,0
0,135,62.5728,-149.5389,0,0,"LDG","LOC-G",0,0
0,135,31.9761,-80.8544,0,1,"TOF","LOC-G",0,0
0,135,35.7225,-119.2275,0,0,"ENR","FUEL",0,0
0,135,35.3572,-96.9428,0,0,"TXI","Other",0,0
0,135,44.8525,-93.0308,0,0,"LDG","ARC",0,0
1,136,34.2247,-118.1394,0,0,"APR","Other",0,0
0,136,26.7842,-80.6933,0,0,"ICL","LOC-I",0,0
0,136,30.3842,-103.6836,0,0,"ICL","SCF-PP",0,0
0,136,40.2094,-85.8086,0,1,"APR","LOC-I",0,0
0,136,30.7183,-91.4786,0,0,"LDG","LOC-G",0,0
1,137,34.2911,-88.7653,0,0,"TOF","SCF-NP",0,0
0,137,25.4981,-80.5583,0,0,"LDG","LOC-I",0,0
1,137,41.2933,-74.5853,0,0,"Other","Other",0,0
0,137,30.1819,-82.5769,0,0,"LDG","ARC",0,0
0,137,49.9272,2.1947,1,0,"LDG","Other",1,0
1,138,33.4608,-111.7283,0,0,"MNV","LOC-I",1,0
0,138,39.2233,-121.0042,0,0,"LDG","LOC-G",0,0
1,139,38.495,-102.29,0,0,"MNV","LOC-I",0,0
0,139,37.7789,-89.2483,0,0,"LDG","LOC-G",1,0
0,139,40.5697,-122.4067,0,0,"LDG","LOC-G",0,0
0,139,61.1044,-151.3742,0,0,"TOF","ARC",0,0
0,139,42.57,-84.42,0,0,"LDG","Other",0,0
1,140,35.8575,-83.5197,0,0,"LDG","ARC",0,0
0,140,40.1386,-75.2636,0,0,"TOF","LOC-G",1,0
0,140,43.0292,-78.165,0,0,"TOF","LOC-G",1,0
0,140,42.2186,-92.0231,0,0,"LDG","LOC-G",0,0
0,140,41.5261,-93.7411,0,0,"ENR","FUEL",0,0
0,140,37.1278,-76.4958,0,0,"LDG","ARC",1,0
0,141,40.1242,-111.0017,0,1,"ENR","Other",0,0
0,141,32.8272,-116.9728,0,0,"LDG","LOC-G",0,0
0,141,39.4669,-77.0169,0,0,"LDG","LOC-G",0,0
0,142,39.0456,-104.2931,0,0,"LDG","ARC",0,0
0,142,45.7661,-93.1844,0,0,"LDG","ARC",0,0
0,142,46.2375,-118.1392,0,1,"Other","ARC",1,0
0,142,60.1267,-149.42,0,0,"LDG","ARC",1,0
0,143,34.0211,-118.4453,0,0,"TOF","SCF-PP",1,0
0,143,42.7214,-82.5964,0,0,"APR","SCF-NP",0,0
0,143,33.255,-84.4003,0,0,"LDG","Other",0,0
0,143,35.2344,-87.2581,0,0,"TOF","LOC-I",0,0
1,144,21.8958,-159.5997,0,0,"TOF","LOC-I",1,0
0,144,29.7183,-81.9806,0,0,"ENR","FUEL",0,0
0,144,33.4417,-94.0378,0,0,"ENR","SCF-NP",1,0
0,144,21.4636,-158.2153,0,0,"ENR","SCF-PP",0,0
0,144,38.13,-121.17,0,0,"APR","SCF-PP",0,0
0,145,40.9478,-99.9308,0,0,"MNV","LOC-I",1,0
1,145,38.2653,-77.8578,0,0,"Other","SCF-NP",1,0
0,145,39.29,-119.51,0,0,"ENR","SCF-PP",0,0
0,145,61.1872,-149.9658,0,0,"LDG","LOC-G",0,0
0,146,41.31,-74.5625,0,1,"ENR","Other",0,0
0,146,42.0711,-124.2872,0,0,"LDG","Other",0,0
0,148,39.0006,-119.7511,0,0,"LDG","ARC",0,0
1,148,40.7917,-73.9853,0,0,"ENR","SCF-PP",1,0
0,148,43.5828,-96.7428,0,0,"APR","Other",1,0
0,148,35.0206,-106.5878,0,0,"ENR","FUEL",1,0
0,148,61.1797,-148.6931,0,0,"LDG","LOC-G",0,0
0,148,37.8625,-120.1794,0,0,"LDG","LOC-G",0,0
0,148,30.2778,-81.8058,0,0,"LDG","LOC-G",0,0
1,149,34.3228,-119.1492,0,0,"MNV","SCF-PP",0,0
0,149,31.9406,-102.1986,0,0,"LDG","LOC-G",0,0
0,149,29.5025,-98.2439,0,1,"TXI","Other",0,0
1,149,33.4031,-118.4094,0,0,"Other","Other",1,0
0,150,34.1744,-91.9356,0,0,"MNV","Other",0,0
0,150,43.2536,-71.8644,0,0,"MNV","Other",0,0
0,150,32.3375,-104.2633,0,0,"LDG","LOC-G",0,0
0,150,39.2683,-108.8644,0,0,"LDG","LOC-G",0,0
0,150,62.0808,-150.4908,0,0,"LDG","Other",0,0
0,151,45.7044,-108.7594,0,0,"LDG","Other",0,0
1,151,37.6722,-86.6364,0,0,"Other","Other",0,0
0,151,43.5375,-84.0744,0,0,"LDG","ARC",0,0
0,151,44.6133,-88.7308,0,0,"LDG","ARC",0,0
0,151,40.7572,-119.2128,0,0,"LDG","ARC",0,0
0,152,30.4244,-87.5353,0,0,"ICL","SCF-PP",0,0
0,152,40.0072,-82.0125,0,0,"LDG","LOC-G",0,0
0,152,41.0025,-81.755,0,0,"LDG","Other",1,0
0,152,39.9428,-74.8458,0,0,"LDG","ARC",0,0
0,153,46.7914,-116.1758,0,0,"TOF","LOC-I",0,0
0,153,39.8306,-75.7806,0,0,"APR","FUEL",1,0
1,153,31.7478,-102.5481,0,0,"ENR","Other",0,0
0,153,38.9111,-121.5594,0,0,"MNV","Other",1,0
0,154,36.2092,-115.1953,0,1,"TOF","LOC-I",1,0
0,154,42.1156,-87.9031,0,0,"LDG","ARC",0,0
0,154,47.53,-122.3019,0,0,"APR","SCF-NP",0,0
0,155,40.5583,-88.0672,0,0,"ENR","FUEL",0,0
0,155,26.1911,-98.1156,0,0,"ENR","FUEL",0,0
0,156,39.6294,-75.0247,0,0,"LDG","LOC-G",0,0
0,156,47.2669,-122.0678,0,0,"LDG","ARC",0,0
0,157,40.8753,-74.2814,0,0,"APR","SCF-PP",0,0
0,157,48.0606,-114.0011,0,0,"TOF","LOC-G",0,0
0,157,46.2558,-114.1256,0,0,"LDG","LOC-G",0,0
0,157,36.8072,-117.7817,0,0,"LDG","LOC-G",0,0
0,157,36.3,-92.2164,0,0,"LDG","ARC",0,0
1,158,47.1483,-116.9872,0,0,"MNV","Other",1,0
0,158,64.9642,-148.4117,0,0,"ENR","FUEL",1,0
0,158,33.4133,-102.1542,0,0,"MNV","LOC-I",1,0
0,158,48.1608,-122.1592,0,0,"LDG","ARC",0,0
0,158,38.3922,-77.3167,0,0,"ICL","LOC-I",1,0
0,158,38.6167,-90.1333,0,0,"ENR","SCF-PP",0,0
0,158,33.2642,-97.4661,0,0,"MNV","SCF-PP",0,0
1,159,44.2856,-97.4592,0,0,"MNV","LOC-I",0,0
0,159,30.0019,-94.1772,0,1,"STD","LOC-G",0,0
0,159,33.5858,-80.2089,0,0,"LDG","LOC-I",0,0
0,159,33.5292,-82.5106,0,0,"LDG","ARC",1,0
0,159,38.5703,-90.155,0,1,"MNV","LOC-I",1,0
0,159,31.5669,-94.3392,0,1,"LDG","ARC",0,0
1,160,34.1161,-92.2106,0,0,"ENR","SCF-PP",0,0
0,160,42.7511,-88.2511,0,0,"LDG","LOC-G",0,0
0,160,44.6519,-92.8661,0,1,"TOF","LOC-I",1,0
0,160,38.2661,-77.4494,0,0,"LDG","LOC-G",0,0
0,160,40.1303,-83.7544,0,0,"LDG","ARC",0,0
0,160,40.8492,-77.8486,0,0,"LDG","ARC",0,0
0,160,34.4997,-83.5567,0,0,"LDG","LOC-G",1,0
1,161,29.66,-95.2894,0,0,"APR","LOC-I",0,0
1,161,46.2447,-99.5447,0,0,"ICL","LOC-I",0,0
0,161,26.1092,-97.4942,0,1,"MNV","Other",1,0
0,161,44.4147,-115.3192,0,0,"ICL","Other",1,0
0,161,33.4142,-80.8114,0,0,"ENR","FUEL",0,0
0,161,40.9475,-74.3144,0,0,"LDG","ARC",0,0
0,161,39.8808,-80.7356,0,0,"LDG","LOC-I",0,0
0,161,38.8167,-106.1217,0,0,"LDG","LOC-G",0,0
1,162,33.92,-118.3581,0,0,"TOF","SCF-PP",1,0
0,162,30.5994,-98.4094,0,0,"LDG","LOC-G",0,0
1,162,37.77,-89.0069,0,0,"Other","LOC-I",1,0
1,162,34.1275,-78.3397,0,0,"MNV","SCF-NP",1,0
1,162,42.5875,-77.9486,0,1,"STD","LOC-G",1,0
0,162,37.2392,-76.7161,0,0,"APR","LOC-I",0,0
0,162,35.9422,-79.6856,0,0,"LDG","Other",0,0
0,162,46.2667,-119.1183,0,0,"LDG","ARC",1,0
0,162,28.7122,-81.585,0,0,"LDG","Other",1,0
0,162,32.6981,-94.9489,0,0,"MNV","Other",1,0
0,162,34.4231,-90.5247,0,0,"MNV","Other",0,0
0,162,32.2625,-107.7189,0,0,"TOF","Other",1,0
1,163,35.0475,-85.0181,0,0,"APR","LOC-I",0,0
0,163,35.0281,-81.2528,0,0,"TOF","LOC-I",0,0
0,163,41.4525,-87.0069,0,0,"LDG","LOC-G",0,0
0,163,44.0164,-117.0114,0,0,"LDG","LOC-G",0,0
0,163,36.2106,-96.2544,0,0,"ENR","FUEL",0,0
0,163,64.09,-148.08,0,0,"LDG","Other",0,0
1,164,35.8264,-90.5492,0,1,"MNV","Other",0,0
0,164,37.0642,-89.2194,0,0,"TOF","LOC-G",1,0
0,164,38.0722,-85.2339,0,0,"TOF","SCF-PP",0,0
0,164,35.5258,-92.1667,0,0,"LDG","ARC",0,0
0,164,47.3208,-109.9419,0,0,"TOF","LOC-G",0,0
0,164,39.0731,-79.2594,0,1,"MNV","Other",0,0
0,164,33.4683,-99.5861,0,0,"TOF","LOC-I",0,0
1,165,39.7389,-87.2194,0,0,"ICL","Other",0,0
0,165,45.2258,-123.1156,0,0,"ENR","SCF-PP",0,0
0,165,32.1292,-113.4858,0,1,"STD","LOC-G",1,0
0,166,37.3278,-118.3972,0,1,"ENR","FUEL",0,0
0,166,28.6131,-96.6256,0,0,"ENR","SCF-PP",0,0
0,167,29.7333,-96.0592,0,0,"ICL","SCF-PP",1,0
0,167,35.5822,-106.1058,0,0,"ICL","Other",0,0
0,167,32.2958,-91.54,0,0,"LDG","LOC-G",1,0
1,167,37.8222,-106.9061,0,0,"ENR","Other",1,0
1,168,38.7464,-85.4706,0,0,"ICL","Other",0,0
0,168,44.395,-71.2044,0,0,"TOF","LOC-I",0,0
0,168,35.9444,-81.49,0,0,"LDG","ARC",1,0
1,168,54.6719,25.5031,1,0,"MNV","LOC-I",1,0
0,168,26.4311,-81.405,0,0,"TOF","LOC-G",1,0
0,169,41.7139,-69.9828,0,1,"MNV","SCF-PP",1,0
0,169,59.2361,-161.7169,0,0,"ENR","Other",1,0
0,169,26.9189,-81.9908,0,0,"LDG","LOC-G",0,0
0,169,61.3486,-148.5289,0,0,"TOF","ARC",0,0
0,169,43.5317,-89.9822,0,0,"LDG","Other",0,0
0,169,38.8067,-94.9567,0,0,"APR","SCF-NP",0,0
0,169,46.3144,-94.5372,0,1,"ENR","SCF-NP",1,0
0,169,47.4842,-97.075,0,0,"LDG","Other",1,0
0,169,40.495,-107.5231,0,0,"LDG","ARC",0,0
0,169,26.1769,-98.2411,0,1,"TOF","ARC",1,0
0,169,38.7892,-97.6608,0,0,"LDG","LOC-I",1,0
0,169,41.4672,-74.5939,0,1,"LDG","Other",0,0
0,170,44.6708,-88.8892,0,0,"TOF","SCF-PP",0,0
0,170,41.3194,-71.8092,0,0,"ENR","SCF-PP",0,0
0,170,38.7978,-104.4614,0,0,"ENR","SCF-PP",1,0
0,170,34.6689,-112.4044,0,0,"ENR","FUEL",0,0
0,170,35.4236,-85.7308,0,0,"ENR","LOC-I",0,0
1,171,37.6056,-122.0353,0,0,"ENR","LOC-I",0,0
0,171,29.7322,-95.3356,0,0,"APR","FUEL",0,0
0,171,38.3431,-92.2444,0,0,"MNV","Other",0,0
0,171,41.1678,-71.5836,0,0,"LDG","Other",0,0
1,171,25.7,-79.2572,1,0,"LDG","Other",1,0
0,171,33.6017,-97.7756,0,0,"ENR","SCF-PP",0,0
0,171,59.7636,-151.325,0,0,"ENR","Other",1,0
0,172,41.5094,-75.2508,0,0,"TOF","LOC-I",0,0
0,172,35.5236,-85.0919,0,0,"LDG","Other",0,0
0,172,41.1547,-112.33,0,0,"LDG","LOC-G",1,0
0,172,40.7289,-73.4133,0,0,"LDG","ARC",1,0
0,173,45.145,-93.2103,0,0,"LDG","ARC",0,0
0,173,39.0253,-122.6622,0,0,"ENR","FUEL",0,0
0,173,39.405,-122.0158,0,1,"MNV","Other",1,0
0,173,39.7556,-82.6572,0,0,"LDG","ARC",0,0
0,174,41.1906,-112.0078,0,0,"MNV","SCF-PP",0,0
0,174,37.8114,-93.5847,0,0,"ENR","SCF-PP",1,0
0,174,30.7472,-98.2344,0,0,"APR","FUEL",1,0
0,175,35.8856,-83.9567,0,0,"LDG","LOC-G",0,0
0,175,28.8669,-82.5678,0,0,"LDG","ARC",0,0
1,175,34.4611,-113.6833,0,1,"ENR","LOC-I",1,0
0,175,34.4564,-102.5561,0,0,"MNV","Other",1,0
0,176,32.895,-105.9672,0,0,"LDG","SCF-PP",0,0
0,176,37.2425,-93.3878,0,0,"LDG","ARC",0,0
0,176,41.6267,-73.8842,0,0,"TXI","ARC",1,0
1,177,47.8336,-116.4836,0,0,"MNV","Other",0,0
0,177,32.26,-106.82,0,0,"ENR","Other",0,0
0,177,40.5319,-86.055,0,0,"LDG","LOC-G",0,0
0,177,38.7614,-108.1411,0,0,"ICL","LOC-I",0,0
0,177,26.0011,-80.2408,0,0,"ICL","SCF-PP",0,0
0,177,42.2592,-84.4617,0,0,"LDG","LOC-G",0,0
0,177,61.6106,-150.0844,0,0,"ENR","SCF-PP",0,0
0,177,24.6981,-77.7956,1,0,"ICL","SCF-PP",1,0
0,177,42.5539,-71.7592,0,0,"LDG","LOC-G",0,0
0,177,43.0572,-83.8064,0,0,"LDG","Other",0,0
0,177,33.3667,-120.5833,0,0,"LDG","ARC",1,0
0,178,26.0011,-80.2408,0,0,"ICL","SCF-PP",0,0
0,178,40.4658,-83.285,0,0,"ICL","LOC-I",0,0
0,178,41.0614,-87.8386,0,0,"ICL","FUEL",1,0
0,178,39.6633,-119.8775,0,0,"LDG","LOC-G",0,0
0,178,39.7361,-104.3286,0,0,"ICL","SCF-PP",0,0
0,178,40.1628,-105.1636,0,0,"MNV","Other",1,0
0,178,47.7589,-116.7453,0,0,"LDG","ARC",0,0
0,178,48.0744,-113.2403,0,0,"LDG","ARC",0,0
0,179,32.7522,-115.465,0,1,"ENR","SCF-PP",1,0
1,179,42.3892,-83.0042,0,0,"APR","FUEL",1,0
0,179,61.4381,-148.6681,0,0,"LDG","LOC-G",0,0
0,180,47.9042,-122.2717,0,0,"LDG","LOC-G",1,0
0,180,33.1,-114.4,0,0,"APR","SCF-NP",1,0
0,180,32.9894,-115.5031,0,0,"ICL","LOC-I",1,0
0,181,39.4175,-77.3744,0,0,"LDG","ARC",1,0
0,181,58.6789,-156.6494,0,0,"LDG","ARC",1,0
0,181,33.3736,-84.5847,0,0,"ICL","SCF-PP",1,0
0,181,41.5156,-75.2517,0,0,"TOF","Other",0,0
0,181,28.3419,-80.6878,0,0,"LDG","SCF-PP",1,0
0,181,42.7975,-86.1594,0,1,"LDG","LOC-I",1,0
0,181,33.0097,-83.5339,0,0,"ENR","SCF-PP",0,0
0,182,34.3167,-81.1081,0,0,"LDG","LOC-I",1,0
0,182,41.4436,-106.8275,0,0,"LDG","Other",1,0
0,182,40.2239,-83.3508,0,0,"ICL","SCF-PP",0,0
0,182,35.1586,-101.8406,0,0,"ICL","Other",0,0
0,182,39.2994,-114.8386,0,0,"LDG","ARC",1,0
0,182,32.9106,-99.7342,0,0,"TXI","Other",0,0
0,183,38.2897,-119.2078,0,1,"MNV","LOC-I",0,0
0,183,40.3317,-94.8347,0,0,"APR","Other",0,0
0,183,40,-111.84,0,0,"MNV","Other",1,0
0,183,45.3364,-93.0044,0,0,"LDG","ARC",0,0
0,183,34.2675,-86.8586,0,1,"LDG","ARC",1,0
0,183,39.1419,-96.6689,0,0,"LDG","ARC",1,0
0,183,44.3206,-69.7972,0,0,"APR","ARC",1,0
0,184,45.0964,-113.6897,0,0,"MNV","SCF-PP",1,0
0,184,32.9947,-115.5183,0,1,"MNV","SCF-PP",1,0
0,184,48.0797,-113.245,0,0,"LDG","Other",0,0
0,184,38.4983,-78.8931,0,0,"TOF","LOC-I",0,0
0,184,38.5703,-75.4644,0,0,"MNV","SCF-PP",1,0
0,184,32.0989,-95.4469,0,0,"TOF","SCF-NP",0,0
0,184,25.9983,-80.2414,0,0,"LDG","LOC-G",1,0
0,184,44.3292,-84.7917,0,0,"APR","Other",0,0
0,184,30.4131,-97.9072,0,0,"ENR","FUEL",1,0
0,184,41.9697,-73.8644,0,0,"LDG","ARC",0,0
0,185,34.5144,-117.7639,0,0,"TOF","LOC-I",0,0
1,185,43.315,-83.7053,0,0,"MNV","LOC-I",0,0
1,185,26.2544,-80.4156,0,0,"ENR","LOC-I",0,0
0,185,59.5944,-151.2469,0,0,"LDG","Other",0,0
0,185,41.0008,-98.6156,0,0,"LDG","ARC",1,0
0,185,40.8183,-72.8667,0,0,"LDG","LOC-G",1,0
0,185,43.3333,-89.5208,0,0,"TOF","LOC-I",1,0
0,185,64.5136,-165.3856,0,0,"LDG","Other",0,0
1,186,38.8625,-106.1569,0,0,"ENR","SCF-PP",0,0
0,186,47.3233,-116.5692,0,0,"APR","FUEL",0,0
0,186,32.6389,-91.7736,0,0,"TOF","ARC",1,0
1,186,42.0789,-124.3333,0,0,"ICL","Other",0,0
0,186,41.4697,-71.4261,0,0,"MNV","SCF-PP",1,0
0,187,42.4072,-88.3739,0,0,"LDG","Other",1,0
0,187,29.8117,-98.4261,0,0,"LDG","LOC-G",1,0
1,188,32.2461,-96.9197,0,1,"MNV","SCF-NP",1,0
0,188,28.6642,-96.7769,0,0,"ENR","FUEL",0,0
0,188,45.1364,-87.1872,0,0,"LDG","ARC",0,0
0,188,43.4853,-71.1661,0,0,"LDG","LOC-G",0,0
0,188,36.17,-83.9056,0,0,"ENR","SCF-PP",0,0
0,189,41.1594,-104.8175,0,0,"ICL","Other",1,0
0,189,33.1803,-97.8286,0,0,"LDG","LOC-G",0,0
1,189,36.29,-89.9864,0,0,"MNV","LOC-I",1,0
0,189,35.3122,-91.8789,0,0,"LDG","Other",0,0
0,189,42.8983,-72.2708,0,0,"Other","Other",1,0
1,190,29.8172,-95.6658,0,0,"TOF","Other",0,0
0,190,45.1861,-109.2578,0,0,"TOF","Other",0,0
0,190,28.5025,-81.5264,0,0,"ENR","SCF-PP",0,0
0,190,32.8114,-117.1381,0,0,"TXI","Other",0,0
0,190,36.6628,-121.6064,0,0,"LDG","ARC",0,0
1,191,41.5175,-88.6044,0,1,"LDG","LOC-G",0,0
0,191,44.7825,-69.3833,0,0,"APR","SCF-PP",0,0
0,192,42.51,-123.3881,0,0,"LDG","LOC-G",0,0
0,192,42.3561,-83.8461,0,0,"ENR","SCF-PP",0,0
0,192,37.4586,-86.8497,0,1,"TOF","LOC-G",0,0
0,192,33.5792,-112.4153,0,1,"MNV","LOC-I",1,0
0,192,20.8978,-156.43,0,0,"LDG","ARC",0,0
1,193,38.6875,-75.3592,0,1,"MNV","Other",1,0
1,193,36.8828,-88.6789,0,1,"APR","SCF-NP",1,0
0,193,28.7603,-81.6058,0,0,"LDG","SCF-PP",0,0
0,193,27.9433,-81.7833,0,0,"APR","FUEL",1,0
0,193,37.0547,-84.6144,0,0,"LDG","LOC-G",0,0
0,193,34.5525,-83.8244,0,0,"LDG","SCF-NP",0,0
0,196,19.7389,-156.0456,0,0,"ENR","SCF-PP",0,0
1,196,45.9536,13.8619,1,0,"Other","Other",1,0
0,196,39.7842,-104.5375,0,0,"LDG","ARC",0,0
0,196,35.2078,-89.3944,0,0,"LDG","ARC",0,0
0,197,46.4617,-114.0783,0,0,"TOF","LOC-G",0,0
1,197,37.9931,-97.1067,0,1,"MNV","LOC-I",0,0
1,198,42.7806,-74.3319,0,0,"ICL","Other",0,0
0,198,40.1644,-105.1636,0,0,"TOF","SCF-PP",0,0
0,198,37.6592,-96.5278,0,0,"LDG","ARC",0,0
1,198,42.2094,-71.1583,0,0,"APR","FUEL",0,0
0,198,48.0122,-122.4369,0,0,"LDG","Other",0,0
0,198,34.4553,-84.9392,0,1,"STD","LOC-G",0,0
0,198,42.0367,-89.3928,0,0,"LDG","ARC",0,0
0,199,39.0003,-119.7519,0,0,"TOF","SCF-NP",0,0
0,199,46.1656,-121.4942,0,1,"LDG","LOC-I",1,0
0,199,39.5747,-77.9714,0,0,"TOF","LOC-I",0,0
0,199,43.8403,-116.5014,0,0,"ENR","Other",0,0
0,199,37.9972,-91.6142,0,0,"MNV","LOC-I",0,0
1,200,46.4111,-87.7686,0,0,"APR","LOC-I",0,0
1,200,41.5975,-111.8478,0,0,"MNV","LOC-I",0,0
0,200,46.6069,-111.9828,0,0,"TOF","FUEL",0,0
0,200,33.7239,-93.6553,0,0,"LDG","LOC-G",0,0
0,200,43.3333,-89.5208,0,0,"ENR","SCF-PP",0,0
0,200,59.2439,-135.5236,0,0,"LDG","LOC-G",0,0
0,200,35.9464,-81.4886,0,0,"ENR","Other",0,0
0,200,38.6603,-90.6458,0,0,"LDG","ARC",1,0
0,201,32.7272,-97.6822,0,0,"ICL","SCF-PP",0,0
0,201,38.6322,-77.8772,0,0,"TOF","Other",0,0
0,201,42.7969,-88.3744,0,0,"LDG","LOC-G",0,0
0,201,59.9458,-156.3594,0,0,"LDG","SCF-NP",1,0
0,201,44.3769,-98.1972,0,0,"ENR","SCF-PP",0,0
0,201,61.4286,-142.925,0,0,"TOF","SCF-PP",0,0
0,201,61.1622,-146.5483,0,0,"LDG","Other",0,0
0,202,39.9592,-79.6575,0,0,"STD","Other",0,0
0,202,60.3383,-146.2581,0,0,"LDG","ARC",0,0
0,202,39.2067,-84.0183,0,1,"LDG","LOC-G",0,0
0,202,35.8667,-82.3392,0,0,"LDG","Other",0,0
1,203,36.3722,-97.6608,0,0,"MNV","LOC-I",0,0
1,203,41.555,-88.2075,0,0,"ENR","LOC-I",0,0
0,203,39.0628,-95.5844,0,0,"MNV","Other",1,0
0,203,44.9664,-92.3875,0,0,"LDG","Other",1,0
1,204,39.8739,-83.6872,0,0,"ENR","Other",0,0
1,204,28.0622,-81.7539,0,0,"ICL","SCF-NP",0,0
0,204,33.1639,-84.8508,0,0,"ENR","FUEL",0,0
0,204,36.2889,-95.4783,0,0,"TOF","LOC-G",0,0
0,204,44.0178,-92.8314,0,0,"ENR","SCF-PP",0,0
0,204,43.3875,-93.6217,0,1,"MNV","Other",1,0
1,205,38.8028,-121.7675,0,0,"ENR","Other",1,1
1,205,38.8028,-121.7675,0,0,"ENR","Other",1,1
0,205,35.25,-118.3,0,0,"APR","SCF-PP",0,0
0,205,37.8283,-121.6258,0,0,"ENR","SCF-NP",1,0
0,205,41.4503,-72.46,0,0,"ICL","LOC-I",0,0
0,205,27.8133,-80.4956,0,0,"ICL","SCF-PP",0,0
0,205,40.6175,-74.2444,0,0,"LDG","ARC",0,0
0,205,36.3539,-95.8033,0,0,"TOF","LOC-G",0,0
0,206,43.9611,-88.5569,0,0,"APR","LOC-I",1,0
1,206,41.3325,-96.4386,0,0,"MNV","LOC-I",0,0
0,206,39.8997,-80.1561,0,0,"ICL","FUEL",1,0
0,206,41.6656,-70.2814,0,0,"LDG","ARC",0,0
0,206,37.0931,-84.0675,0,1,"APR","Other",0,0
0,206,33.23,-80.54,0,0,"LDG","Other",0,0
1,207,40.3556,-79.9325,0,0,"LDG","SCF-NP",0,0
0,207,40.8328,-88.9689,0,1,"STD","Other",1,0
0,207,41.4278,-92.3778,0,0,"MNV","SCF-PP",0,0
0,208,47.2678,-122.5781,0,0,"LDG","LOC-G",1,0
1,209,38.0269,-120.4128,0,0,"ICL","LOC-I",0,0
0,209,37.4792,-105.6322,0,0,"TOF","ARC",0,0
0,209,41.1369,-88.4433,0,0,"LDG","ARC",0,0
0,209,33.2014,-97.1981,0,0,"LDG","ARC",0,0
0,209,44.4747,-94.5344,0,0,"MNV","Other",1,0
0,209,37.2394,-76.7164,0,0,"LDG","Other",1,0
1,210,41.295,-97.1025,0,0,"MNV","LOC-I",1,0
1,210,43.78,-88.4889,0,0,"STD","FUEL",0,0
0,210,30.3958,-85.8125,0,0,"APR","SCF-PP",1,0
1,210,43.9789,-91.2136,0,0,"APR","LOC-I",0,0
0,210,35.9789,-115.1331,0,0,"LDG","LOC-G",0,0
0,210,43.8339,-111.805,0,0,"TOF","Other",1,0
0,211,44.79,-71.8264,0,0,"LDG","LOC-I",0,0
1,211,42.36,-94.9847,0,0,"MNV","Other",1,0
0,211,40.7978,-74.415,0,0,"TXI","Other",0,0
0,211,33.9711,-112.7944,0,0,"LDG","Other",0,0
0,211,46.3197,-120.0572,0,1,"STD","Other",1,0
0,211,45.5611,-95.855,0,1,"MNV","Other",1,0
0,212,43.9803,-88.5575,0,0,"TOF","Other",0,0
0,212,43.9914,-88.5597,0,1,"APR","SCF-PP",1,0
1,212,29.8,-97.6,0,1,"APR","Other",1,0
0,212,44.6225,-86.1978,0,0,"LDG","LOC-G",0,0
0,212,37.6242,-120.9494,0,1,"Other","Other",1,0
0,212,44.1297,-87.6825,0,0,"ICL","SCF-PP",0,0
0,212,28.2944,-81.4394,0,0,"TOF","LOC-G",1,0
0,213,27.9614,-80.5594,0,1,"TOF","LOC-I",0,0
0,213,41.5825,-88.5422,0,0,"ENR","SCF-PP",0,0
0,213,48.0797,-113.2444,0,0,"ICL","LOC-I",0,0
0,213,61.6617,-157.1453,0,0,"TOF","LOC-I",1,0
1,214,45.6194,-121.1683,0,0,"APR","LOC-I",0,0
0,214,45.7772,-122.8636,0,0,"LDG","ARC",1,0
0,214,33.6319,-114.7169,0,0,"ICL","LOC-I",0,0
0,215,34.6608,-112.4164,0,1,"Other","LOC-I",1,0
1,215,34.1981,-118.4853,0,0,"ICL","LOC-I",0,0
0,215,40.7167,-85.25,0,0,"ICL","LOC-I",0,0
1,215,35.1064,-111.7242,0,0,"ENR","Other",0,0
0,215,64.7594,-147.3922,0,0,"LDG","LOC-G",0,0
1,215,30.3739,-86.4708,0,0,"ICL","Other",0,0
0,215,44.2203,-116.9075,0,0,"MNV","SCF-PP",1,0
0,215,34.5483,-89.0244,0,0,"LDG","ARC",0,0
0,215,47.1169,-109.3764,0,0,"TOF","Other",0,0
0,215,44.2178,-88.5494,0,0,"ENR","SCF-PP",0,0
0,215,33.9325,-78.0717,0,0,"LDG","ARC",0,0
0,216,34.6508,-106.8269,0,0,"LDG","LOC-G",0,0
0,216,43.7703,-88.5014,0,0,"TOF","SCF-PP",1,0
0,216,39.7056,-75.0328,0,0,"APR","Other",0,0
1,216,29.9978,-91.4056,0,1,"MNV","LOC-I",1,0
0,216,33.6369,-116.1564,0,0,"LDG","LOC-G",1,0
0,216,47.9025,-122.2831,0,0,"TXI","Other",0,0
0,217,59.5853,-151.3294,0,1,"ENR","Other",1,0
0,217,43.1275,-85.6792,0,0,"ICL","SCF-PP",0,0
0,217,38.8819,-83.8828,0,0,"ENR","SCF-PP",0,0
0,217,39.8314,-75.7575,0,0,"APR","SCF-PP",0,0
0,217,39.0581,-83.9108,0,0,"MNV","SCF-PP",0,0
0,217,38.2997,-75.8872,0,0,"LDG","ARC",0,0
0,218,61.5697,-149.5461,0,0,"LDG","Other",1,1
0,218,61.5697,-149.5461,0,0,"LDG","Other",0,1
1,218,41.4153,-93.5614,0,0,"ENR","LOC-I",0,0
0,218,46.8919,-98.1936,0,0,"MNV","FUEL",1,0
0,218,43.8775,-121.4525,0,0,"LDG","LOC-G",0,0
0,218,37.2306,-93.9303,0,0,"MNV","LOC-I",1,0
0,218,31.6122,-97.2303,0,0,"LDG","ARC",0,0
1,219,35.3642,-99.2044,0,0,"TOF","LOC-I",1,0
0,219,42.3281,-72.6111,0,0,"ICL","SCF-PP",1,0
1,219,41.4308,-88.2494,0,1,"ICL","LOC-I",0,0
0,219,40.4958,-82.9022,0,0,"LDG","Other",0,0
0,219,43.2053,-71.2294,0,1,"LDG","ARC",0,0
0,219,45.4283,-122.9422,0,0,"LDG","Other",0,0
0,219,39.2806,-83.6758,0,0,"LDG","Other",0,0
1,220,39.0272,-119.6033,0,1,"ENR","Other",0,0
0,220,43.5031,-114.2947,0,0,"LDG","LOC-G",1,0
0,220,38.1228,-85.1258,0,0,"APR","SCF-PP",0,0
0,220,17.7008,-64.8011,0,0,"LDG","ARC",1,0
0,220,61.725,-148.0692,0,0,"APR","SCF-PP",0,0
0,220,41.0297,-89.4406,0,1,"MNV","FUEL",1,0
0,221,42.4431,-75.8039,0,0,"MNV","LOC-I",0,0
1,221,35.3992,-91.0019,0,0,"MNV","Other",1,0
0,221,59.2047,-154.9703,0,0,"ICL","Other",1,0
0,221,33.8011,-118.335,0,0,"LDG","ARC",1,0
0,222,32.8147,-117.14,0,0,"LDG","LOC-G",0,0
0,222,41.3647,-94.0242,0,0,"LDG","LOC-G",0,0
1,222,33.5675,-96.5775,0,1,"Other","LOC-I",1,0
0,222,39.5736,-86.6181,0,0,"LDG","Other",0,0
0,222,32.6653,-97.0939,0,0,"LDG","LOC-I",1,0
0,223,42.6967,-78.9153,0,0,"LDG","Other",0,0
0,223,43.4522,-82.8425,0,0,"LDG","LOC-G",0,0
0,224,35.5028,-92.1981,0,0,"LDG","LOC-G",0,0
1,225,38.2628,-77.4531,0,0,"ICL","LOC-I",0,0
0,225,46.9922,-124.1403,0,0,"ENR","SCF-PP",0,0
0,225,39.0511,-111.8561,0,1,"MNV","SCF-PP",1,0
0,225,40.1347,-119.7342,0,0,"MNV","Other",0,0
0,225,37.0878,-84.0753,0,0,"LDG","ARC",0,0
0,225,45.5381,-122.9478,0,0,"LDG","ARC",1,0
0,225,61.5006,-149.6725,0,0,"LDG","LOC-G",0,0
1,226,61.4206,-149.495,0,0,"ICL","SCF-PP",0,0
0,226,41.5556,-93.6914,0,0,"ICL","SCF-PP",0,0
0,226,40.285,-74.2228,0,0,"ENR","FUEL",0,0
0,226,45.3572,-117.2533,0,0,"LDG","LOC-G",0,0
0,226,40.8219,-72.8669,0,0,"ENR","SCF-NP",1,0
0,226,36.3811,-96.0103,0,0,"ENR","SCF-PP",1,0
0,226,26.1933,-80.1642,0,0,"STD","Other",1,1
0,226,26.1933,-80.1642,0,0,"STD","Other",0,1
1,227,33.2228,-87.5997,0,0,"ENR","FUEL",0,0
0,227,34.4847,-117.8264,0,1,"TOF","SCF-NP",0,0
0,227,45.15,-93.1169,0,0,"TOF","ARC",1,0
0,227,38.8406,-92.0025,0,0,"LDG","LOC-G",0,0
0,228,44.0347,-71.1264,0,0,"ENR","FUEL",0,0
0,229,59.8008,-151.8461,0,0,"LDG","Other",0,0
0,230,33.3114,-84.7697,0,0,"LDG","Other",1,0
0,230,61.2625,-149.6547,0,0,"LDG","ARC",0,0
0,230,44.6572,-93.7789,0,0,"TOF","LOC-G",1,0
0,230,40.2372,-81.0108,0,0,"LDG","LOC-G",0,0
0,230,61.7053,-157.1503,0,0,"LDG","ARC",1,0
0,231,36.235,-115.0339,0,0,"APR","SCF-PP",1,0
0,231,40.4881,-89.6758,0,0,"TOF","LOC-I",0,0
0,231,30.0767,-91.9489,0,1,"LDG","ARC",1,0
1,232,44.2172,-96.0772,0,0,"MNV","Other",1,0
1,232,37.745,-106.0258,0,0,"MNV","LOC-I",1,0
0,232,26.0267,-80.5928,0,0,"MNV","SCF-PP",1,0
0,232,61.2836,-148.4461,0,0,"LDG","ARC",0,0
0,232,42.1578,-121.7344,0,0,"LDG","ARC",1,0
0,232,42.5239,-71.4917,0,0,"ENR","SCF-PP",1,0
0,233,42.9089,-77.3253,0,0,"LDG","SCF-NP",0,0
0,233,61.2508,-149.8094,0,0,"TXI","Other",1,0
0,233,28.8433,-81.63,0,1,"TOF","SCF-PP",0,0
0,234,35.0633,-86.5631,0,0,"LDG","LOC-G",0,0
0,234,39.4678,-117.1975,0,0,"LDG","ARC",0,0
0,234,43.6411,-116.6347,0,0,"LDG","LOC-G",0,0
0,234,25.6453,-80.4328,0,0,"LDG","LOC-G",0,0
0,235,31.1542,-81.3922,0,0,"TOF","SCF-PP",0,0
0,236,42.0669,-110.9469,0,1,"MNV","SCF-NP",1,0
0,236,41.2433,-76.9247,0,0,"TXI","Other",1,0
0,236,27.4622,-81.3442,0,0,"TOF","SCF-NP",1,0
0,236,46.7311,-120.6994,0,0,"LDG","ARC",0,0
0,237,60.5308,-150.2586,0,0,"ENR","FUEL",0,0
1,237,27.4861,-81.2833,0,0,"ENR","Other",0,0
1,237,37.8933,-107.8333,0,1,"ENR","Other",1,0
0,237,33.8706,-117.9817,0,0,"TOF","LOC-I",1,0
0,237,33.3544,-117.2506,0,0,"LDG","Other",1,0
0,237,41.3789,-79.8572,0,0,"LDG","Other",1,0
0,237,33.9889,-98.4919,0,0,"LDG","ARC",1,0
0,237,44.4947,-123.2908,0,0,"TXI","ARC",1,0
0,237,29.9592,-81.3397,0,0,"LDG","ARC",0,0
1,238,39.5494,-87.3692,0,0,"APR","Other",0,0
0,238,38.5061,-98.3961,0,0,"MNV","SCF-PP",1,0
0,238,37.4775,-88.2144,0,0,"ENR","SCF-PP",1,0
0,238,31.9636,-83.7825,0,0,"Other","Other",1,0
1,238,49.3194,8.4311,1,0,"Other","Other",1,0
0,238,25.4722,-76.6914,1,0,"TOF","Other",1,0
0,238,38.9733,-104.82,0,0,"LDG","LOC-G",1,0
0,238,40.0072,-86.4406,0,0,"LDG","ARC",0,0
0,239,19.7431,-156.0328,0,1,"LDG","LOC-G",0,0
0,239,35.4833,-81.1611,0,1,"MNV","LOC-I",1,0
0,239,33.9889,-98.4919,0,0,"TOF","SCF-NP",1,0
1,240,44.6692,-121.1533,0,0,"MNV","Other",1,0
1,240,30.0617,-90.0275,0,0,"APR","Other",1,0
0,240,60.7742,-151.8986,0,0,"LDG","ARC",0,0
0,240,33.6014,-95.0736,0,0,"ICL","SCF-PP",0,0
0,240,64.5111,-146.6822,0,0,"ENR","Other",0,0
0,240,44,-70,0,0,"LDG","LOC-G",0,0
1,240,39.02,100.1,1,0,"MNV","LOC-I",1,0
1,241,46.7278,-113.6528,0,0,"APR","LOC-I",0,0
0,242,41.9131,-72.7781,0,0,"LDG","Other",0,0
0,242,36.9061,-94.0128,0,0,"LDG","ARC",0,0
1,243,39.5211,-119.7656,0,0,"APR","Other",1,0
0,243,42.9172,-114.765,0,0,"LDG","LOC-G",0,0
0,243,41.7922,-81.0581,0,0,"ICL","Other",0,0
0,243,39.1436,-78.1444,0,0,"LDG","ARC",1,0
0,243,34.5092,-111.4731,0,0,"LDG","ARC",0,0
0,243,38.5692,-93.7469,0,0,"ENR","SCF-PP",0,0
0,243,43.5944,-96.7328,0,0,"APR","SCF-PP",1,0
0,243,39.3836,-112.5022,0,0,"LDG","ARC",1,0
1,244,36.3453,-94.2194,0,0,"TOF","Other",0,0
1,244,61.7981,-161.4989,0,0,"ENR","Other",1,0
0,244,47.3808,-92.8311,0,0,"LDG","ARC",0,0
0,244,48.5822,-100.8547,0,0,"LDG","Other",0,0
0,245,40.7864,-73.8786,0,1,"MNV","Other",1,0
0,245,61.2131,-149.84,0,0,"TXI","Other",1,0
1,246,43.1708,-97.3006,0,0,"Other","LOC-I",0,0
0,246,21.2561,-157.8069,0,1,"ICL","Other",1,0
0,246,59.7122,-140.3481,0,0,"LDG","ARC",0,0
0,246,40.2797,-83.1156,0,0,"LDG","LOC-G",1,0
1,247,30.2711,-94.7992,0,0,"MNV","LOC-I",0,0
1,247,26.0467,-80.0619,0,0,"ENR","Other",0,0
0,247,70.4894,-155.0642,0,0,"LDG","LOC-G",0,0
0,247,33.7636,-117.2186,0,0,"LDG","LOC-G",1,0
0,247,62.89,-149.1719,0,0,"LDG","Other",0,0
0,247,42.7967,-86.1617,0,0,"ICL","LOC-I",0,0
0,247,48.6497,-120.5019,0,0,"TOF","Other",0,0
0,247,61.3311,-144.0328,0,0,"TOF","FUEL",0,0
0,247,40.7986,-81.6956,0,0,"LDG","LOC-G",0,0
0,248,36.0114,-106.9706,0,0,"ENR","SCF-PP",0,0
0,248,42.0003,-103.8831,0,1,"APR","FUEL",0,0
0,248,40.1539,-83.2744,0,0,"MNV","SCF-PP",0,0
0,248,35.1158,-84.355,0,1,"LDG","ARC",0,0
0,249,29.3808,-99.1747,0,0,"MNV","LOC-I",1,0
0,249,38.8986,-119.9939,0,0,"LDG","LOC-G",0,0
0,249,33.1244,-94.1633,0,0,"LDG","ARC",0,0
0,249,34.6722,-82.8858,0,0,"TOF","LOC-G",0,0
1,250,27.9406,-80.7047,0,1,"MNV","Other",1,0
0,250,38.1883,-84.9275,0,0,"MNV","LOC-I",0,0
0,250,35.5461,-90.1281,0,0,"Other","ARC",1,0
1,251,33.6233,-85.1492,0,0,"APR","Other",0,1
1,251,33.6233,-85.1492,0,0,"APR","Other",1,1
0,251,40.1097,-96.9344,0,0,"LDG","Other",0,0
1,251,41.0903,-93.1086,0,0,"ENR","LOC-I",0,0
0,252,62.2031,-145.3956,0,0,"MNV","LOC-I",0,0
0,252,29.3389,-98.47,0,0,"LDG","LOC-G",0,0
0,252,33.6942,-108.8508,0,0,"LDG","LOC-G",0,0
0,253,33.9658,-112.8131,0,0,"TOF","FUEL",0,0
0,253,36.3289,-89.9389,0,1,"MNV","Other",1,0
0,253,38.6508,-77.7897,0,0,"TOF","LOC-G",1,0
0,253,34.5806,-83.6822,0,0,"MNV","LOC-I",0,0
0,253,39.2819,-120.7119,0,1,"ENR","Other",0,0
0,253,48.5764,-116.8719,0,0,"LDG","ARC",0,0
0,254,28.7089,-81.5831,0,0,"LDG","LOC-G",0,0
1,254,61.1253,-149.7489,0,0,"MNV","LOC-I",0,0
0,254,43.4264,-88.7008,0,0,"LDG","LOC-G",0,0
0,254,31.3583,-109.8764,0,0,"ENR","SCF-PP",0,0
0,254,47.7069,-104.1925,0,0,"LDG","ARC",1,0
0,254,44.8919,-116.1019,0,0,"LDG","ARC",0,0
1,255,39.5039,-119.7767,0,0,"ICL","Other",0,0
0,255,43.1392,-85.2561,0,0,"ICL","LOC-I",0,0
0,255,33.6119,-83.73,0,0,"ENR","FUEL",0,0
0,255,38.8475,-94.7375,0,0,"LDG","LOC-G",0,0
0,255,42.5917,-89.375,0,0,"ICL","LOC-I",0,0
0,256,48.8322,-121.1544,0,1,"STD","Other",1,0
0,257,41.5869,-83.8081,0,0,"APR","SCF-NP",1,0
0,257,14.5844,-90.6089,1,0,"ENR","SCF-PP",1,0
1,258,39.9769,-84.5431,0,0,"MNV","Other",0,0
0,258,44.6683,-93.6325,0,0,"ENR","SCF-PP",0,0
0,258,37.7008,-113.0989,0,1,"MNV","LOC-I",1,0
0,258,39.3433,-81.4406,0,0,"APR","LOC-I",1,0
0,259,41.4522,-87.0083,0,0,"LDG","ARC",0,0
1,260,31.4342,-83.1739,0,0,"MNV","LOC-I",1,0
0,260,39.7028,-119.8894,0,0,"MNV","SCF-NP",1,0
0,260,40.1222,-76.2944,0,0,"LDG","ARC",1,0
0,260,35.6186,-78.6992,0,0,"LDG","LOC-G",0,0
0,260,61.6139,-149.3278,0,0,"APR","SCF-NP",0,0
0,260,27.0711,-82.4408,0,0,"TOF","LOC-G",1,0
0,260,27.2408,-80.4883,0,0,"LDG","Other",0,0
0,260,45.9894,-114.8414,0,0,"LDG","ARC",0,0
0,260,40.6114,-112.3508,0,0,"LDG","ARC",0,0
1,261,45.1192,-105.0358,0,0,"ENR","Other",0,0
0,261,33.32,-111.7811,0,0,"ENR","Other",1,0
0,261,39.6772,-119.8778,0,0,"MNV","SCF-PP",1,0
0,261,40.9711,-74.9975,0,1,"TOF","LOC-G",0,0
0,261,39.6681,-119.8764,0,0,"LDG","LOC-G",1,0
0,261,39.0478,-122.8956,0,0,"LDG","ARC",0,0
1,262,45.1458,-87.1972,0,0,"APR","Other",0,0
0,262,63.38,-156.36,0,0,"TXI","LOC-G",0,0
0,262,39.6644,-119.8911,0,0,"TOF","Other",1,1
0,262,39.6644,-119.8911,0,0,"TOF","Other",1,1
0,262,39.2553,-76.1169,0,0,"ICL","SCF-PP",1,0
0,262,38.6622,-90.6519,0,0,"ICL","LOC-I",0,0
0,262,38.9547,-121.0817,0,0,"LDG","ARC",0,0
0,262,47.4892,-122.2094,0,0,"LDG","ARC",0,0
0,262,39.6625,-119.8683,0,0,"LDG","Other",1,1
0,262,39.6625,-119.8683,0,0,"LDG","Other",1,1
0,262,38.5725,-121.8569,0,0,"LDG","LOC-G",0,0
0,263,35.1672,-107.9019,0,0,"TOF","FUEL",0,0
0,263,44.7056,-73.2456,0,0,"LDG","LOC-I",0,0
1,264,38.9606,-94.3756,0,0,"TOF","LOC-I",0,0
0,265,63.4828,-146.2847,0,0,"TOF","Other",0,0
0,265,41.1064,-92.4497,0,0,"APR","LOC-I",1,0
0,265,35.6,-88.9156,0,0,"LDG","ARC",1,0
0,265,32.7817,-98.0603,0,0,"APR","FUEL",0,0
0,265,38.5703,-90.155,0,0,"LDG","ARC",0,0
0,265,40.8731,-81.9428,0,0,"ENR","SCF-PP",0,0
0,265,60.7403,-152.2117,0,0,"LDG","Other",0,0
0,266,37.7475,-97.2211,0,0,"ENR","FUEL",0,0
0,266,31.4319,-85.6206,0,1,"Other","SCF-PP",1,0
0,267,36.9375,-76.3086,0,0,"APR","SCF-NP",0,0
0,267,33.4942,-90.1794,0,0,"ENR","SCF-PP",0,0
0,267,41.5194,-88.6056,0,0,"ENR","SCF-PP",0,0
0,268,61.7542,-150.0514,0,0,"LDG","Other",0,0
0,268,29.5089,-95.2331,0,0,"ICL","SCF-PP",0,0
0,268,27.1958,-81.8367,0,1,"TOF","Other",0,0
1,269,42.5989,-78.8917,0,0,"ENR","Other",0,1
1,269,42.5989,-78.8917,0,0,"ENR","Other",0,1
1,269,40.5594,-74.9906,0,0,"ICL","LOC-I",0,0
0,269,39.0003,-119.7525,0,0,"LDG","LOC-G",0,0
0,269,67.1447,-162.2753,0,0,"LDG","Other",1,0
0,269,42.4275,-73.2925,0,0,"LDG","LOC-I",1,0
0,270,61.1867,-149.9656,0,0,"LDG","SCF-NP",0,0
0,270,41.9219,-72.4572,0,0,"ICL","LOC-I",0,0
1,271,39.2356,-77.1364,0,0,"Other","LOC-I",0,0
0,271,43.4208,-71.7806,0,1,"ICL","Other",0,0
0,271,37.0553,-79.295,0,0,"ENR","SCF-PP",0,0
0,272,42.4239,-118.6056,0,0,"LDG","Other",0,0
0,273,38.9878,-122.8936,0,0,"LDG","Other",1,0
0,273,46.8847,-96.7856,0,1,"LDG","Other",1,0
0,274,34.305,-80.4744,0,0,"ENR","SCF-PP",0,0
0,274,40.9372,-87.1825,0,0,"LDG","Other",0,0
0,274,46.7011,-92.5036,0,0,"ENR","SCF-PP",0,0
1,275,35.7239,-81.3878,0,0,"MNV","SCF-PP",0,0
0,275,30.2422,-92.6714,0,0,"TOF","LOC-I",0,0
0,275,30.5728,-97.4431,0,0,"APR","FUEL",0,0
0,275,64.815,-147.8564,0,0,"LDG","LOC-G",0,0
0,275,37.9244,-95.4,0,0,"ENR","SCF-PP",0,0
0,275,39.0044,-95.2111,0,0,"LDG","Other",1,0
0,275,31,-89,0,0,"APR","SCF-PP",0,0
0,275,26.1972,-80.1708,0,0,"LDG","ARC",0,0
0,276,34.8706,-118.2119,0,0,"TOF","SCF-NP",0,0
0,276,38.9853,-95.5972,0,0,"LDG","LOC-G",0,0
0,276,46.8806,-100.9944,0,0,"LDG","LOC-I",0,0
0,276,32.5478,-83.8269,0,1,"APR","LOC-I",0,0
0,276,34.9494,-100.8781,0,0,"ENR","SCF-PP",0,0
0,276,35.1344,-106.6144,0,1,"LDG","Other",0,0
0,277,43.2017,-71.5039,0,0,"LDG","LOC-G",0,0
0,277,29.6522,-95.8425,0,0,"ICL","SCF-PP",1,0
0,277,33.8033,-118.3397,0,0,"LDG","ARC",1,0
1,278,29.2731,-95.0714,0,0,"MNV","LOC-I",1,0
0,278,42.5117,-88.2089,0,0,"MNV","SCF-PP",0,0
0,278,40.9383,-90.4314,0,0,"LDG","ARC",1,0
0,278,43.7781,-71.7539,0,0,"LDG","Other",0,0
0,279,32.9756,-112.7286,0,1,"MNV","LOC-I",1,0
0,279,48.7867,-122.5375,0,0,"TOF","LOC-G",0,0
0,279,61.595,-149.0886,0,0,"LDG","ARC",0,0
0,279,21.3028,-158.0786,0,0,"LDG","ARC",0,0
1,280,45.1933,-93.1378,0,1,"ENR","LOC-I",0,0
0,280,39.39,-120.095,0,0,"TXI","ARC",0,0
0,280,34.6922,-86.01,0,0,"ENR","SCF-PP",1,0
0,280,41.6333,-73.0467,0,0,"ENR","SCF-PP",0,0
0,280,33.3078,-111.6556,0,0,"TOF","Other",1,0
0,280,39.5269,-107.7194,0,0,"LDG","LOC-G",0,0
0,280,44.2211,-73.7875,0,0,"STD","Other",0,0
0,280,42.1167,-106.7167,0,0,"LDG","LOC-G",1,0
0,281,37.9761,-79.8619,0,0,"ENR","Other",0,0
0,281,29.5378,-98.4742,0,0,"LDG","LOC-G",0,0
0,281,39.05,-104.2931,0,0,"LDG","Other",0,0
0,281,30.6794,-95.0133,0,0,"APR","SCF-PP",0,0
0,282,30.39,-88.7536,0,0,"LDG","LOC-I",0,0
0,282,29.4453,-95.9644,0,0,"ENR","SCF-PP",1,0
0,282,43.2517,-73.4714,0,0,"LDG","LOC-G",0,0
0,283,43.7244,-112.1544,0,0,"ENR","SCF-PP",0,0
0,283,35.32,-88.95,0,0,"ENR","SCF-PP",0,0
0,284,29.1661,-82.2231,0,0,"ENR","FUEL",0,0
1,285,41.7367,-72.6494,0,0,"Other","Other",1,0
0,285,35.9572,-83.8008,0,0,"ENR","Other",0,0
0,285,29.7186,-82.8444,0,0,"LDG","ARC",0,0
0,285,36.1336,-94.1556,0,0,"TOF","LOC-I",0,0
0,286,33.6978,-112.1528,0,0,"ENR","SCF-PP",0,0
0,286,38.2492,-86.9536,0,0,"LDG","LOC-G",0,0
0,286,34.8014,-78.3814,0,0,"LDG","ARC",0,0
0,287,41.9292,-71.4853,0,0,"LDG","Other",1,0
0,287,61.4011,-148.6006,0,0,"LDG","ARC",0,0
0,288,40.2731,-79.4103,0,0,"LDG","LOC-I",0,0
1,288,29.0617,-82.3767,0,0,"ENR","Other",1,0
0,288,61.7908,-148.3539,0,0,"TOF","Other",1,0
0,289,40.975,-75.5367,0,0,"ENR","SCF-PP",0,0
0,289,30.8658,-94.0328,0,0,"ENR","SCF-PP",0,0
1,289,38.9214,-120.2083,0,0,"ENR","LOC-I",0,0
0,289,30.7353,-98.24,0,0,"LDG","ARC",0,0
0,289,39.5031,-83.8631,0,0,"LDG","ARC",0,0
0,289,39.8389,-83.845,0,0,"LDG","ARC",0,0
0,290,33.5331,-84.1719,0,0,"ICL","LOC-I",0,0
1,290,39.3983,-84.1022,0,0,"MNV","Other",0,0
0,290,39.0761,-77.5569,0,0,"LDG","LOC-G",0,0
0,290,35.4736,-96.3094,0,0,"ENR","FUEL",1,0
0,290,35.9644,-95.3419,0,0,"LDG","LOC-G",0,0
0,291,33.2761,-84.4103,0,0,"TOF","SCF-PP",1,0
0,291,25.6539,-80.4328,0,0,"TOF","LOC-G",1,0
1,291,19.785,-70.6422,1,0,"APR","Other",1,0
0,292,36.0267,-90.4442,0,0,"MNV","LOC-I",1,0
0,292,30.3975,-97.5664,0,0,"LDG","ARC",0,0
0,292,30.3975,-97.5664,0,0,"LDG","LOC-G",0,0
0,293,43.6419,-116.6358,0,1,"TOF","SCF-PP",0,0
0,293,39.8244,-74.9886,0,0,"ENR","FUEL",0,0
0,293,29.1375,-83.0464,0,0,"MNV","LOC-I",0,0
0,293,35.9467,-114.8608,0,0,"TOF","Other",1,0
0,293,36.7717,-119.7083,0,0,"LDG","LOC-I",0,0
0,294,33.5656,-85.0531,0,0,"ENR","FUEL",0,0
0,294,44.2686,-93.4697,0,0,"ICL","SCF-PP",0,0
0,294,45.0825,-70.2139,0,0,"ENR","Other",0,0
0,294,39.1956,-119.735,0,1,"STD","LOC-G",1,0
0,294,61.2158,-149.8525,0,0,"LDG","LOC-G",1,0
0,294,40.0561,-118.5778,0,0,"ENR","SCF-PP",1,0
1,295,31.3025,-82.28,0,0,"MNV","Other",0,1
1,295,31.3025,-82.28,0,0,"MNV","Other",1,1
0,295,30.785,-98.6619,0,0,"LDG","LOC-G",0,0
0,295,33.4608,-111.7283,0,0,"ICL","LOC-I",0,0
1,296,38.1025,-92.5392,0,0,"ICL","LOC-I",0,0
0,296,36.2425,-120.2178,0,0,"ENR","FUEL",0,0
0,296,28.0631,-81.7533,0,0,"LDG","LOC-G",0,0
0,296,35.6928,-80.7106,0,1,"LDG","ARC",1,0
0,296,37.8422,-97.3514,0,0,"LDG","Other",0,1
0,296,37.8422,-97.3514,0,0,"STD","Other",0,1
0,297,37.6733,-121.2964,0,0,"LDG","LOC-I",0,0
0,297,44.3856,-106.6206,0,0,"TOF","LOC-G",0,0
0,297,27.1956,-81.8403,0,0,"LDG","LOC-I",1,0
0,297,32.2625,-107.7189,0,0,"LDG","LOC-G",0,0
0,297,40.0933,-92.5444,0,0,"LDG","LOC-G",1,0
0,298,38.7239,-120.7542,0,0,"LDG","LOC-G",1,0
1,299,37.9689,-121.8894,0,0,"ENR","Other",0,0
0,299,27.9131,-97.2114,0,0,"TOF","LOC-I",0,0
0,299,40.8967,-117.8058,0,0,"LDG","LOC-G",0,0
0,299,18.0108,-66.5633,0,1,"Other","ARC",1,0
1,300,29.5253,-95.2389,0,0,"TOF","LOC-I",0,0
0,300,37.4611,-122.115,0,0,"LDG","ARC",0,0
0,301,34.7875,-102.3881,0,0,"MNV","Other",1,0
0,301,39.21,-93.9278,0,0,"TOF","SCF-PP",0,0
1,301,49.2197,7.1131,1,0,"APR","LOC-I",1,0
1,302,33.7194,-94.875,0,0,"APR","LOC-I",0,0
1,302,61.0947,-153.4469,0,0,"ENR","Other",0,0
0,302,46.5883,-118.1231,0,1,"MNV","SCF-PP",1,0
0,302,36.6981,-107.9917,0,0,"ENR","SCF-PP",0,0
0,302,28.4333,-99.7667,0,1,"MNV","SCF-PP",1,0
1,303,61.4822,-148.7739,0,0,"MNV","LOC-I",0,0
0,303,35.0728,-77.0431,0,0,"MNV","LOC-I",0,0
0,303,32.6897,-96.8536,0,0,"MNV","SCF-NP",1,0
0,303,30.7831,-98.6619,0,0,"LDG","ARC",1,0
0,304,38.7211,-77.515,0,0,"LDG","ARC",0,0
0,304,38.3553,-85.7381,0,0,"TOF","Other",0,0
0,305,43.9919,-76.0206,0,0,"LDG","ARC",0,0
0,305,27.9647,-81.7869,0,0,"APR","SCF-PP",0,0
0,305,30.5314,-91.1508,0,0,"STD","Other",1,0
0,306,35.3508,-79.2958,0,1,"ICL","SCF-NP",1,0
0,306,33.87,-84.3031,0,0,"LDG","Other",0,0
0,307,28.7933,-81.0856,0,0,"LDG","Other",1,0
0,309,37.8472,-96.2922,0,0,"LDG","LOC-G",0,0
0,309,37.5736,-84.7622,0,0,"LDG","ARC",1,0
1,310,43.5536,-109.7086,0,0,"TOF","SCF-NP",1,0
0,310,38.5744,-121.8581,0,0,"TOF","LOC-G",1,0
0,310,30.7814,-83.2761,0,0,"ENR","FUEL",0,0
0,310,40.8253,-77.9908,0,1,"LDG","Other",0,0
0,310,43.1706,-88.7208,0,0,"APR","Other",0,0
0,311,61.2553,-150.4,0,0,"TOF","LOC-I",0,0
0,311,29.89,-97.8586,0,0,"ICL","FUEL",0,0
0,311,44.3833,-88.8525,0,0,"APR","LOC-I",0,0
0,311,39.6494,-105.0431,0,0,"ENR","Other",0,0
0,313,46.1153,-67.8008,0,0,"APR","FUEL",0,0
0,313,41.5372,-71.7586,0,0,"ENR","FUEL",0,0
0,313,42.5539,-71.7592,0,0,"LDG","LOC-G",0,0
0,313,27.3908,-82.5569,0,0,"LDG","ARC",1,0
1,314,29.4081,-81.5144,0,0,"MNV","SCF-NP",1,0
0,314,29.345,-81.1314,0,0,"ENR","LOC-I",0,0
0,315,33.7381,-116.8539,0,0,"ENR","FUEL",0,0
0,315,32.6558,-114.6069,0,1,"TOF","LOC-G",1,0
1,315,40.9711,-74.9975,0,0,"STD","LOC-G",1,0
0,315,43.2028,-71.5022,0,0,"LDG","ARC",0,0
0,315,27.8122,-97.0894,0,0,"LDG","LOC-G",0,0
0,315,35.4161,-77.8136,0,0,"ENR","SCF-PP",0,0
1,315,18.0194,-76.7797,1,0,"Other","Other",1,0
0,315,37.1375,-113.3069,0,0,"TOF","LOC-G",0,0
0,316,60.7803,-161.8358,0,0,"STD","SCF-NP",1,0
0,316,47.1039,-122.2872,0,0,"APR","Other",0,0
0,317,31.88,-99.28,0,0,"MNV","SCF-PP",1,0
0,317,60.02,-151.5892,0,0,"LDG","SCF-NP",0,0
0,317,34.4547,-110.0575,0,0,"MNV","SCF-PP",1,0
0,317,35.0547,-92.3542,0,0,"LDG","LOC-G",0,0
0,317,28.9542,-98.52,0,0,"ENR","SCF-NP",0,0
0,317,45.7786,-91.6239,0,1,"TOF","LOC-I",0,0
0,318,26.3369,-80.6253,0,0,"ENR","SCF-PP",1,0
0,318,30.5325,-91.315,0,0,"ICL","Other",0,0
0,319,44.6683,-73.4736,0,0,"APR","LOC-I",1,0
0,319,38.9147,-121.3536,0,0,"LDG","LOC-G",0,0
0,319,38.5978,-121.8911,0,1,"STD","LOC-G",1,0
1,320,21.0997,-156.7922,0,1,"APR","Other",0,0
0,320,39.99,-75.5819,0,1,"LDG","ARC",1,0
0,321,40.7994,-74.415,0,0,"LDG","SCF-NP",0,0
1,322,33.1844,-84.3847,0,0,"ICL","SCF-NP",0,0
0,322,35.1286,-89.3558,0,1,"APR","LOC-I",0,0
0,322,30.4019,-86.4733,0,0,"TOF","LOC-G",1,0
1,323,37.52,-122.5114,0,0,"APR","Other",0,0
0,323,26.5361,-81.7553,0,0,"ENR","Other",1,0
0,323,40.0819,-75.0106,0,1,"LDG","LOC-G",0,0
1,324,39.6647,-74.4681,0,0,"ENR","Other",0,0
1,324,45.8767,8.8517,1,1,"ENR","Other",1,0
0,324,39.2203,-74.7936,0,0,"LDG","LOC-G",1,0
0,325,33.1481,-94.7003,0,0,"TXI","LOC-I",0,0
0,325,35.4861,-84.9311,0,0,"LDG","Other",0,0
0,326,40.5697,-122.4067,0,0,"LDG","Other",0,0
1,327,34.1644,-117.665,0,0,"ENR","Other",0,0
0,327,34,-82,0,0,"LDG","LOC-G",0,0
0,327,32.8131,-117.1375,0,0,"TXI","Other",1,1
0,327,32.8131,-117.1375,0,0,"TXI","Other",1,1
0,327,37.2958,-81.2075,0,0,"TOF","LOC-G",0,0
0,327,61.4147,-161.9581,0,0,"ICL","SCF-PP",1,0
0,327,33.4214,-85.1614,0,0,"LDG","LOC-G",0,0
1,328,-32.8386,-70.0839,1,0,"ENR","Other",1,0
0,328,32.4978,-84.9714,0,0,"ICL","SCF-PP",1,0
0,328,33.1753,-97.8283,0,0,"ICL","FUEL",0,0
0,328,30.3969,-87.3489,0,0,"LDG","LOC-G",1,0
0,329,32.8717,-109.6353,0,0,"ENR","SCF-PP",0,0
1,330,32.9936,-115.0219,0,0,"APR","LOC-I",0,0
0,330,61.1919,-148.6869,0,0,"ENR","SCF-PP",0,0
0,332,38.7219,-90.5089,0,0,"LDG","ARC",1,0
0,335,33.6136,-111.9214,0,0,"LDG","LOC-G",1,0
1,336,46.9206,-96.8158,0,0,"APR","Other",1,0
1,337,37.955,-87.8928,0,0,"ENR","LOC-I",0,0
0,337,33.5292,-82.5064,0,0,"APR","FUEL",0,0
0,337,40.0644,-111.7267,0,0,"ENR","FUEL",1,0
0,337,53.785,-166.7097,0,1,"LDG","Other",1,0
0,337,38.5856,-77.7097,0,0,"LDG","ARC",1,0
0,338,41.5314,-85.8633,0,0,"ENR","SCF-PP",0,0
0,339,42.9606,-70.8303,0,0,"APR","Other",0,0
0,339,38.5344,-106.9317,0,0,"LDG","ARC",1,0
0,339,38.2325,-122.6339,0,0,"APR","LOC-I",0,0
0,339,38.6678,-121.4006,0,1,"Other","SCF-NP",1,0
1,339,39.8567,-4.0244,1,0,"ENR","Other",1,0
0,340,46.8758,-113.9969,0,0,"ENR","SCF-NP",0,0
0,340,36.6306,-80.0181,0,0,"LDG","LOC-G",0,0
0,340,27.8119,-97.0889,0,0,"ENR","Other",1,0
1,341,34.4333,-119.8506,0,1,"APR","LOC-I",0,0
1,342,64.5419,-147.7578,0,0,"MNV","LOC-I",0,0
1,342,44.3219,-108.3364,0,0,"MNV","LOC-I",1,0
1,342,60.2972,-154.1172,0,0,"ENR","Other",0,0
0,342,33.2022,-97.1981,0,0,"TXI","LOC-G",1,0
0,342,21.3072,-158.0703,0,0,"LDG","LOC-G",0,0
0,343,1.4169,103.8678,1,0,"TXI","Other",1,0
1,344,42.2256,-88.6275,0,0,"ENR","LOC-I",0,0
0,345,36.6464,-76.9181,0,0,"ICL","SCF-PP",0,0
0,345,28.1714,-97.7606,0,1,"LDG","ARC",1,0
0,346,34.0667,-115.97,0,0,"ENR","SCF-PP",0,0
0,346,48.4986,-122.6625,0,0,"LDG","ARC",0,0
0,346,40.9569,-72.9086,0,0,"ENR","SCF-PP",0,0
0,346,30.3361,-81.5128,0,0,"STD","Other",0,1
0,346,30.3361,-81.5128,0,0,"STD","Other",1,1
0,347,29.0519,-81.0353,0,0,"APR","LOC-I",0,0
0,348,29.4647,-81.2069,0,0,"TXI","Other",0,0
0,350,32.2006,-108.4222,0,1,"APR","Other",0,0
1,350,60.9444,-159.6208,0,0,"ENR","Other",0,0
0,350,35.5453,-84.3803,0,0,"LDG","LOC-G",1,0
0,351,42.9381,-85.0606,0,0,"TOF","SCF-NP",0,0
0,351,41.2042,-89.9703,0,0,"APR","Other",0,0
0,352,29.2667,-81.2547,0,0,"MNV","FUEL",0,0
0,353,61.7672,-149.1378,0,1,"LDG","Other",1,0
0,353,45.1956,-93.1628,0,0,"ENR","SCF-PP",0,0
0,353,34.6047,-117.1578,0,0,"ENR","FUEL",0,0
0,354,27.87,-80.5578,0,0,"ENR","Other",1,0
0,355,46.99,-94.2036,0,0,"LDG","LOC-G",0,0
0,356,40.5367,-81.9558,0,0,"APR","SCF-PP",0,0
0,357,32.5397,-93.7444,0,0,"APR","LOC-I",0,0
1,358,43.9814,-73.0944,0,0,"ICL","SCF-PP",0,0
0,358,41.7333,-72.6494,0,0,"LDG","ARC",1,0
0,358,48.1911,-96.7108,0,0,"LDG","LOC-G",0,0
0,358,44.5272,-109.0108,0,0,"LDG","Other",0,0
0,358,42.6656,-83.4206,0,0,"LDG","LOC-G",0,0
0,359,29.4683,-81.2,0,0,"LDG","ARC",1,0
1,361,36.8444,-119.8708,0,0,"ICL","LOC-I",0,0
1,361,35.6519,-83.4583,0,0,"ENR","Other",0,0
0,362,34.9858,-85.7228,0,0,"MNV","FUEL",0,0
0,362,37.7611,-90.4286,0,0,"TOF","Other",0,0
1,362,29.0803,-81.0467,0,0,"APR","LOC-I",0,0
0,362,39.5094,-122.2169,0,0,"APR","SCF-PP",1,0
0,362,37.1244,-90.715,0,0,"LDG","Other",0,0
0,363,43.2978,-89.7558,0,0,"TXI","LOC-G",0,0
0,364,34.2878,-117.6514,0,1,"APR","Other",0,0
0,364,36.1831,-86.8864,0,0,"LDG","LOC-G",0,0
1,364,47.8236,-122.79,0,0,"ENR","Other",0,0
1,364,41.5547,-81.7033,0,0,"ICL","LOC-I",0,0
0,364,35.0672,-114.1189,0,0,"ENR","SCF-PP",0,0
0,365,29.065,-82.3711,0,0,"ICL","LOC-I",1,0
1,365,21.2306,-157.1856,0,0,"Other","Other",0,0
1,366,33.2067,-96.7328,0,0,"APR","Other",0,1
1,366,33.2067,-96.7328,0,0,"APR","Other",0,1
1,366,37.3542,-88.8114,0,0,"ENR","Other",0,0
0,366,38.9253,-94.3781,0,0,"ENR","SCF-NP",0,0
0,366,46.8844,-117.0775,0,0,"TXI","LOC-G",0,0
0,366,32.9564,-111.7639,0,0,"APR","LOC-I",0,0
